Model,Acceleration Rate,SSIM
Zero Filling,1x,1.0
Zero Filling,2x,0.962145716
Zero Filling,2x,0.961288372
Zero Filling,2x,0.961364328
Zero Filling,2x,0.960823052
Zero Filling,2x,0.954878782
Zero Filling,2x,0.954717174
Zero Filling,2x,0.953697784
Zero Filling,2x,0.952943671
Zero Filling,2x,0.956062436
Zero Filling,2x,0.957067685
Zero Filling,2x,0.957052536
Zero Filling,2x,0.956101081
Zero Filling,2x,0.969157783
Zero Filling,2x,0.969495466
Zero Filling,2x,0.969023427
Zero Filling,2x,0.969024049
Zero Filling,2x,0.974054903
Zero Filling,2x,0.974175032
Zero Filling,2x,0.974676329
Zero Filling,2x,0.973828756
Zero Filling,2x,0.956467439
Zero Filling,2x,0.973186902
Zero Filling,2x,0.972924244
Zero Filling,2x,0.974673123
Zero Filling,2x,0.966462228
Zero Filling,2x,0.97373014
Zero Filling,2x,0.974062874
Zero Filling,2x,0.95754995
Zero Filling,2x,0.958287097
Zero Filling,2x,0.958412453
Zero Filling,2x,0.958462198
Zero Filling,2x,0.957463995
Zero Filling,2x,0.961500278
Zero Filling,2x,0.961906854
Zero Filling,2x,0.9622647
Zero Filling,2x,0.962562421
Zero Filling,2x,0.948515638
Zero Filling,2x,0.946756744
Zero Filling,2x,0.947807302
Zero Filling,2x,0.946410561
Zero Filling,2x,0.94530676
Zero Filling,2x,0.94923299
Zero Filling,2x,0.947898328
Zero Filling,2x,0.945228621
Zero Filling,2x,0.957235029
Zero Filling,2x,0.95730474
Zero Filling,2x,0.956969011
Zero Filling,2x,0.957617798
Zero Filling,2x,0.92999547
Zero Filling,2x,0.929107072
Zero Filling,2x,0.930062683
Zero Filling,2x,0.92799118
Zero Filling,2x,0.958903384
Zero Filling,2x,0.959796349
Zero Filling,2x,0.95975154
Zero Filling,2x,0.960458696
Zero Filling,2x,0.9757046
Zero Filling,2x,0.974963875
Zero Filling,2x,0.97376184
Zero Filling,2x,0.970417792
Zero Filling,2x,0.941268845
Zero Filling,2x,0.939447968
Zero Filling,2x,0.938593705
Zero Filling,2x,0.939341301
Zero Filling,2x,0.964111199
Zero Filling,2x,0.962093961
Zero Filling,2x,0.963291712
Zero Filling,2x,0.964964892
Zero Filling,2x,0.902935284
Zero Filling,2x,0.903232681
Zero Filling,2x,0.897871077
Zero Filling,2x,0.89730506
Zero Filling,2x,0.949332182
Zero Filling,2x,0.949980543
Zero Filling,2x,0.9490817
Zero Filling,2x,0.948452227
Zero Filling,2x,0.94904522
Zero Filling,2x,0.950081592
Zero Filling,2x,0.94957033
Zero Filling,2x,0.94959101
Zero Filling,2x,0.960170177
Zero Filling,2x,0.960952574
Zero Filling,2x,0.96062447
Zero Filling,2x,0.957513477
Zero Filling,2x,0.957949414
Zero Filling,2x,0.95912899
Zero Filling,2x,0.958795809
Zero Filling,2x,0.956975915
Zero Filling,2x,0.96062362
Zero Filling,2x,0.961451704
Zero Filling,2x,0.962265999
Zero Filling,2x,0.961457113
Zero Filling,2x,0.946458194
Zero Filling,2x,0.94645197
Zero Filling,2x,0.946491072
Zero Filling,2x,0.946058637
Zero Filling,4x,0.909301905
Zero Filling,4x,0.907620721
Zero Filling,4x,0.907449892
Zero Filling,4x,0.90660733
Zero Filling,4x,0.885505716
Zero Filling,4x,0.883502211
Zero Filling,4x,0.881226713
Zero Filling,4x,0.880004102
Zero Filling,4x,0.899099441
Zero Filling,4x,0.9007677
Zero Filling,4x,0.901292055
Zero Filling,4x,0.898912855
Zero Filling,4x,0.922775682
Zero Filling,4x,0.92374325
Zero Filling,4x,0.922736659
Zero Filling,4x,0.922581696
Zero Filling,4x,0.936148321
Zero Filling,4x,0.936017506
Zero Filling,4x,0.936642801
Zero Filling,4x,0.932634641
Zero Filling,4x,0.900800135
Zero Filling,4x,0.936515585
Zero Filling,4x,0.93629677
Zero Filling,4x,0.939694218
Zero Filling,4x,0.920271706
Zero Filling,4x,0.936018733
Zero Filling,4x,0.937039981
Zero Filling,4x,0.898948433
Zero Filling,4x,0.896688476
Zero Filling,4x,0.897849158
Zero Filling,4x,0.897810724
Zero Filling,4x,0.896023781
Zero Filling,4x,0.910079308
Zero Filling,4x,0.910891369
Zero Filling,4x,0.911445933
Zero Filling,4x,0.911561676
Zero Filling,4x,0.886964802
Zero Filling,4x,0.877318109
Zero Filling,4x,0.87799936
Zero Filling,4x,0.875719145
Zero Filling,4x,0.872023776
Zero Filling,4x,0.88024439
Zero Filling,4x,0.877320351
Zero Filling,4x,0.872381274
Zero Filling,4x,0.898441785
Zero Filling,4x,0.898628894
Zero Filling,4x,0.898452376
Zero Filling,4x,0.899125038
Zero Filling,4x,0.845539042
Zero Filling,4x,0.843776598
Zero Filling,4x,0.846603638
Zero Filling,4x,0.842545914
Zero Filling,4x,0.90256615
Zero Filling,4x,0.904231081
Zero Filling,4x,0.904076736
Zero Filling,4x,0.905394376
Zero Filling,4x,0.936302942
Zero Filling,4x,0.934704461
Zero Filling,4x,0.93183278
Zero Filling,4x,0.924376105
Zero Filling,4x,0.871456875
Zero Filling,4x,0.867640781
Zero Filling,4x,0.865356201
Zero Filling,4x,0.867523763
Zero Filling,4x,0.915485913
Zero Filling,4x,0.910236198
Zero Filling,4x,0.913252302
Zero Filling,4x,0.916406192
Zero Filling,4x,0.808695567
Zero Filling,4x,0.809076347
Zero Filling,4x,0.805927892
Zero Filling,4x,0.808733416
Zero Filling,4x,0.888357468
Zero Filling,4x,0.887888608
Zero Filling,4x,0.886536779
Zero Filling,4x,0.885400653
Zero Filling,4x,0.888655071
Zero Filling,4x,0.891421789
Zero Filling,4x,0.890162794
Zero Filling,4x,0.8900044
Zero Filling,4x,0.907656732
Zero Filling,4x,0.909759034
Zero Filling,4x,0.908684884
Zero Filling,4x,0.901601382
Zero Filling,4x,0.902417458
Zero Filling,4x,0.904233648
Zero Filling,4x,0.902387107
Zero Filling,4x,0.898394846
Zero Filling,4x,0.905836297
Zero Filling,4x,0.908107997
Zero Filling,4x,0.910492206
Zero Filling,4x,0.907818364
Zero Filling,4x,0.877758577
Zero Filling,4x,0.87700366
Zero Filling,4x,0.876847038
Zero Filling,4x,0.876066837
Zero Filling,8x,0.837709565
Zero Filling,8x,0.835054806
Zero Filling,8x,0.834412577
Zero Filling,8x,0.833243315
Zero Filling,8x,0.809125438
Zero Filling,8x,0.799910976
Zero Filling,8x,0.79533411
Zero Filling,8x,0.79397634
Zero Filling,8x,0.813626911
Zero Filling,8x,0.817109823
Zero Filling,8x,0.817662522
Zero Filling,8x,0.814231529
Zero Filling,8x,0.855543379
Zero Filling,8x,0.856864062
Zero Filling,8x,0.855712204
Zero Filling,8x,0.854766819
Zero Filling,8x,0.88410287
Zero Filling,8x,0.88281766
Zero Filling,8x,0.882759368
Zero Filling,8x,0.875828397
Zero Filling,8x,0.830336527
Zero Filling,8x,0.885379737
Zero Filling,8x,0.884560202
Zero Filling,8x,0.890657485
Zero Filling,8x,0.858072711
Zero Filling,8x,0.884963568
Zero Filling,8x,0.886159335
Zero Filling,8x,0.823783639
Zero Filling,8x,0.809139794
Zero Filling,8x,0.810587926
Zero Filling,8x,0.810341359
Zero Filling,8x,0.807844352
Zero Filling,8x,0.836039325
Zero Filling,8x,0.838047241
Zero Filling,8x,0.838590549
Zero Filling,8x,0.838146307
Zero Filling,8x,0.803288182
Zero Filling,8x,0.779754898
Zero Filling,8x,0.78083121
Zero Filling,8x,0.775496111
Zero Filling,8x,0.769347826
Zero Filling,8x,0.782107798
Zero Filling,8x,0.7780761
Zero Filling,8x,0.768789666
Zero Filling,8x,0.812767927
Zero Filling,8x,0.812596974
Zero Filling,8x,0.8119342
Zero Filling,8x,0.812993654
Zero Filling,8x,0.729874443
Zero Filling,8x,0.726814214
Zero Filling,8x,0.729273686
Zero Filling,8x,0.724646627
Zero Filling,8x,0.82739119
Zero Filling,8x,0.830045201
Zero Filling,8x,0.829984677
Zero Filling,8x,0.831718908
Zero Filling,8x,0.877006799
Zero Filling,8x,0.873833219
Zero Filling,8x,0.868876324
Zero Filling,8x,0.857066021
Zero Filling,8x,0.790665502
Zero Filling,8x,0.784291126
Zero Filling,8x,0.780398411
Zero Filling,8x,0.784230007
Zero Filling,8x,0.848886801
Zero Filling,8x,0.841008343
Zero Filling,8x,0.846035885
Zero Filling,8x,0.849746015
Zero Filling,8x,0.712785386
Zero Filling,8x,0.712775926
Zero Filling,8x,0.710928496
Zero Filling,8x,0.717674255
Zero Filling,8x,0.812754952
Zero Filling,8x,0.81257408
Zero Filling,8x,0.810501211
Zero Filling,8x,0.808391453
Zero Filling,8x,0.810012508
Zero Filling,8x,0.816793639
Zero Filling,8x,0.81359039
Zero Filling,8x,0.8136034
Zero Filling,8x,0.834263803
Zero Filling,8x,0.837929672
Zero Filling,8x,0.837780649
Zero Filling,8x,0.824937467
Zero Filling,8x,0.83143499
Zero Filling,8x,0.832389775
Zero Filling,8x,0.827304703
Zero Filling,8x,0.822400166
Zero Filling,8x,0.832703989
Zero Filling,8x,0.835869075
Zero Filling,8x,0.838962093
Zero Filling,8x,0.834432236
Zero Filling,8x,0.786994875
Zero Filling,8x,0.785508539
Zero Filling,8x,0.784999166
Zero Filling,8x,0.784171407
Zero Filling,16x,0.788172484
Zero Filling,16x,0.784307575
Zero Filling,16x,0.783729763
Zero Filling,16x,0.782243464
Zero Filling,16x,0.748396567
Zero Filling,16x,0.742164242
Zero Filling,16x,0.734949739
Zero Filling,16x,0.73286688
Zero Filling,16x,0.761609027
Zero Filling,16x,0.765173992
Zero Filling,16x,0.76546984
Zero Filling,16x,0.761937773
Zero Filling,16x,0.809672356
Zero Filling,16x,0.811125688
Zero Filling,16x,0.809520986
Zero Filling,16x,0.808743956
Zero Filling,16x,0.845651244
Zero Filling,16x,0.841516107
Zero Filling,16x,0.841446268
Zero Filling,16x,0.835684416
Zero Filling,16x,0.77781022
Zero Filling,16x,0.8454722
Zero Filling,16x,0.844291039
Zero Filling,16x,0.85238893
Zero Filling,16x,0.807314269
Zero Filling,16x,0.842206083
Zero Filling,16x,0.843709931
Zero Filling,16x,0.764595945
Zero Filling,16x,0.757313462
Zero Filling,16x,0.758153403
Zero Filling,16x,0.758732727
Zero Filling,16x,0.755161325
Zero Filling,16x,0.789938796
Zero Filling,16x,0.791101451
Zero Filling,16x,0.792714793
Zero Filling,16x,0.790469921
Zero Filling,16x,0.746612797
Zero Filling,16x,0.722841205
Zero Filling,16x,0.725117932
Zero Filling,16x,0.718671393
Zero Filling,16x,0.707939242
Zero Filling,16x,0.722864598
Zero Filling,16x,0.719688096
Zero Filling,16x,0.70931091
Zero Filling,16x,0.751639184
Zero Filling,16x,0.753691426
Zero Filling,16x,0.751092411
Zero Filling,16x,0.753215356
Zero Filling,16x,0.659945107
Zero Filling,16x,0.657434528
Zero Filling,16x,0.658311807
Zero Filling,16x,0.655192051
Zero Filling,16x,0.787405066
Zero Filling,16x,0.790439894
Zero Filling,16x,0.790181211
Zero Filling,16x,0.792666833
Zero Filling,16x,0.839586786
Zero Filling,16x,0.835767409
Zero Filling,16x,0.828966781
Zero Filling,16x,0.814693951
Zero Filling,16x,0.735609713
Zero Filling,16x,0.727823973
Zero Filling,16x,0.724089759
Zero Filling,16x,0.727612529
Zero Filling,16x,0.8053103
Zero Filling,16x,0.794610125
Zero Filling,16x,0.799579899
Zero Filling,16x,0.804388218
Zero Filling,16x,0.653554941
Zero Filling,16x,0.65315532
Zero Filling,16x,0.64866095
Zero Filling,16x,0.656963165
Zero Filling,16x,0.765721766
Zero Filling,16x,0.767574795
Zero Filling,16x,0.764405805
Zero Filling,16x,0.761449988
Zero Filling,16x,0.766718929
Zero Filling,16x,0.771215996
Zero Filling,16x,0.769879454
Zero Filling,16x,0.769277791
Zero Filling,16x,0.786184893
Zero Filling,16x,0.79014264
Zero Filling,16x,0.78883348
Zero Filling,16x,0.775383089
Zero Filling,16x,0.785699363
Zero Filling,16x,0.787280537
Zero Filling,16x,0.783777929
Zero Filling,16x,0.778842528
Zero Filling,16x,0.792737746
Zero Filling,16x,0.795952669
Zero Filling,16x,0.801496496
Zero Filling,16x,0.796109474
Zero Filling,16x,0.733638173
Zero Filling,16x,0.732420615
Zero Filling,16x,0.732360491
Zero Filling,16x,0.730511198
AFT-Net (I),2x,0.975200846
AFT-Net (I),2x,0.974489423
AFT-Net (I),2x,0.974489387
AFT-Net (I),2x,0.974213752
AFT-Net (I),2x,0.96872436
AFT-Net (I),2x,0.970449779
AFT-Net (I),2x,0.970372155
AFT-Net (I),2x,0.969840795
AFT-Net (I),2x,0.969786735
AFT-Net (I),2x,0.970633498
AFT-Net (I),2x,0.970638895
AFT-Net (I),2x,0.96992488
AFT-Net (I),2x,0.980733278
AFT-Net (I),2x,0.981017925
AFT-Net (I),2x,0.980790767
AFT-Net (I),2x,0.980833719
AFT-Net (I),2x,0.98218867
AFT-Net (I),2x,0.982409769
AFT-Net (I),2x,0.982534148
AFT-Net (I),2x,0.982966401
AFT-Net (I),2x,0.970170693
AFT-Net (I),2x,0.98451066
AFT-Net (I),2x,0.984360469
AFT-Net (I),2x,0.985160721
AFT-Net (I),2x,0.977635092
AFT-Net (I),2x,0.983472631
AFT-Net (I),2x,0.983786549
AFT-Net (I),2x,0.968861774
AFT-Net (I),2x,0.972907426
AFT-Net (I),2x,0.97314919
AFT-Net (I),2x,0.973246468
AFT-Net (I),2x,0.972524252
AFT-Net (I),2x,0.972289517
AFT-Net (I),2x,0.972550622
AFT-Net (I),2x,0.972876285
AFT-Net (I),2x,0.973389658
AFT-Net (I),2x,0.957379846
AFT-Net (I),2x,0.960430945
AFT-Net (I),2x,0.961665739
AFT-Net (I),2x,0.96051888
AFT-Net (I),2x,0.959348433
AFT-Net (I),2x,0.96295733
AFT-Net (I),2x,0.96172614
AFT-Net (I),2x,0.959584406
AFT-Net (I),2x,0.969496198
AFT-Net (I),2x,0.969496272
AFT-Net (I),2x,0.969412781
AFT-Net (I),2x,0.969870777
AFT-Net (I),2x,0.943232318
AFT-Net (I),2x,0.942718036
AFT-Net (I),2x,0.943975139
AFT-Net (I),2x,0.942273551
AFT-Net (I),2x,0.974403029
AFT-Net (I),2x,0.975251643
AFT-Net (I),2x,0.975281341
AFT-Net (I),2x,0.975796566
AFT-Net (I),2x,0.984024567
AFT-Net (I),2x,0.983580205
AFT-Net (I),2x,0.982739749
AFT-Net (I),2x,0.979043823
AFT-Net (I),2x,0.952984939
AFT-Net (I),2x,0.951117817
AFT-Net (I),2x,0.950239862
AFT-Net (I),2x,0.950750553
AFT-Net (I),2x,0.974640879
AFT-Net (I),2x,0.97360787
AFT-Net (I),2x,0.974468772
AFT-Net (I),2x,0.975774505
AFT-Net (I),2x,0.921990761
AFT-Net (I),2x,0.922221215
AFT-Net (I),2x,0.912672476
AFT-Net (I),2x,0.908450411
AFT-Net (I),2x,0.962935742
AFT-Net (I),2x,0.964773095
AFT-Net (I),2x,0.963564677
AFT-Net (I),2x,0.963063315
AFT-Net (I),2x,0.963040278
AFT-Net (I),2x,0.962775879
AFT-Net (I),2x,0.962785451
AFT-Net (I),2x,0.962278395
AFT-Net (I),2x,0.972420792
AFT-Net (I),2x,0.97321727
AFT-Net (I),2x,0.972051793
AFT-Net (I),2x,0.970060943
AFT-Net (I),2x,0.97020765
AFT-Net (I),2x,0.971860591
AFT-Net (I),2x,0.972704335
AFT-Net (I),2x,0.970881451
AFT-Net (I),2x,0.97338626
AFT-Net (I),2x,0.974234259
AFT-Net (I),2x,0.974386088
AFT-Net (I),2x,0.973421535
AFT-Net (I),2x,0.961760784
AFT-Net (I),2x,0.961825843
AFT-Net (I),2x,0.962003469
AFT-Net (I),2x,0.961608948
AFT-Net (I),4x,0.954103417
AFT-Net (I),4x,0.952901291
AFT-Net (I),4x,0.952647189
AFT-Net (I),4x,0.952009396
AFT-Net (I),4x,0.934049784
AFT-Net (I),4x,0.939487214
AFT-Net (I),4x,0.938562333
AFT-Net (I),4x,0.937829173
AFT-Net (I),4x,0.944937591
AFT-Net (I),4x,0.945790027
AFT-Net (I),4x,0.946047364
AFT-Net (I),4x,0.944371261
AFT-Net (I),4x,0.962917979
AFT-Net (I),4x,0.963539484
AFT-Net (I),4x,0.963100481
AFT-Net (I),4x,0.962935955
AFT-Net (I),4x,0.966522081
AFT-Net (I),4x,0.966757282
AFT-Net (I),4x,0.966779653
AFT-Net (I),4x,0.967025085
AFT-Net (I),4x,0.943389665
AFT-Net (I),4x,0.969298189
AFT-Net (I),4x,0.968941785
AFT-Net (I),4x,0.970155369
AFT-Net (I),4x,0.95812708
AFT-Net (I),4x,0.968453266
AFT-Net (I),4x,0.968955646
AFT-Net (I),4x,0.938272708
AFT-Net (I),4x,0.955451408
AFT-Net (I),4x,0.956170893
AFT-Net (I),4x,0.956555262
AFT-Net (I),4x,0.955461976
AFT-Net (I),4x,0.954367138
AFT-Net (I),4x,0.954463674
AFT-Net (I),4x,0.955430968
AFT-Net (I),4x,0.955760836
AFT-Net (I),4x,0.931497087
AFT-Net (I),4x,0.936066043
AFT-Net (I),4x,0.937475295
AFT-Net (I),4x,0.936378524
AFT-Net (I),4x,0.929861144
AFT-Net (I),4x,0.935982201
AFT-Net (I),4x,0.933560559
AFT-Net (I),4x,0.930328246
AFT-Net (I),4x,0.94997231
AFT-Net (I),4x,0.949906603
AFT-Net (I),4x,0.949952744
AFT-Net (I),4x,0.950339407
AFT-Net (I),4x,0.906559534
AFT-Net (I),4x,0.906069279
AFT-Net (I),4x,0.908366681
AFT-Net (I),4x,0.905655274
AFT-Net (I),4x,0.956353502
AFT-Net (I),4x,0.957374869
AFT-Net (I),4x,0.957477531
AFT-Net (I),4x,0.958251557
AFT-Net (I),4x,0.96870179
AFT-Net (I),4x,0.967850283
AFT-Net (I),4x,0.966306069
AFT-Net (I),4x,0.959703337
AFT-Net (I),4x,0.919317198
AFT-Net (I),4x,0.916272816
AFT-Net (I),4x,0.914398053
AFT-Net (I),4x,0.915385978
AFT-Net (I),4x,0.956709583
AFT-Net (I),4x,0.95542625
AFT-Net (I),4x,0.956809192
AFT-Net (I),4x,0.958302526
AFT-Net (I),4x,0.890262588
AFT-Net (I),4x,0.890809295
AFT-Net (I),4x,0.876344898
AFT-Net (I),4x,0.86972431
AFT-Net (I),4x,0.942843775
AFT-Net (I),4x,0.945632954
AFT-Net (I),4x,0.943629847
AFT-Net (I),4x,0.94247709
AFT-Net (I),4x,0.943925522
AFT-Net (I),4x,0.943553147
AFT-Net (I),4x,0.943407653
AFT-Net (I),4x,0.942326812
AFT-Net (I),4x,0.953846717
AFT-Net (I),4x,0.955031478
AFT-Net (I),4x,0.951447998
AFT-Net (I),4x,0.949561998
AFT-Net (I),4x,0.951260193
AFT-Net (I),4x,0.953946451
AFT-Net (I),4x,0.955154246
AFT-Net (I),4x,0.951707507
AFT-Net (I),4x,0.956300241
AFT-Net (I),4x,0.957722335
AFT-Net (I),4x,0.957106505
AFT-Net (I),4x,0.954764668
AFT-Net (I),4x,0.936874015
AFT-Net (I),4x,0.936722929
AFT-Net (I),4x,0.937229459
AFT-Net (I),4x,0.936341813
AFT-Net (I),8x,0.934965657
AFT-Net (I),8x,0.933628219
AFT-Net (I),8x,0.932727869
AFT-Net (I),8x,0.932187053
AFT-Net (I),8x,0.89606422
AFT-Net (I),8x,0.906197725
AFT-Net (I),8x,0.903465493
AFT-Net (I),8x,0.902534181
AFT-Net (I),8x,0.909762808
AFT-Net (I),8x,0.911531613
AFT-Net (I),8x,0.912013599
AFT-Net (I),8x,0.909045011
AFT-Net (I),8x,0.945175163
AFT-Net (I),8x,0.945525215
AFT-Net (I),8x,0.945048723
AFT-Net (I),8x,0.944448564
AFT-Net (I),8x,0.950312796
AFT-Net (I),8x,0.95061698
AFT-Net (I),8x,0.949722939
AFT-Net (I),8x,0.950838669
AFT-Net (I),8x,0.918833558
AFT-Net (I),8x,0.954228709
AFT-Net (I),8x,0.953075613
AFT-Net (I),8x,0.955229231
AFT-Net (I),8x,0.937843131
AFT-Net (I),8x,0.952471992
AFT-Net (I),8x,0.952725307
AFT-Net (I),8x,0.910246179
AFT-Net (I),8x,0.939185651
AFT-Net (I),8x,0.940045782
AFT-Net (I),8x,0.940075802
AFT-Net (I),8x,0.938694456
AFT-Net (I),8x,0.937880674
AFT-Net (I),8x,0.938336865
AFT-Net (I),8x,0.939669722
AFT-Net (I),8x,0.940144355
AFT-Net (I),8x,0.905420935
AFT-Net (I),8x,0.914009762
AFT-Net (I),8x,0.915199989
AFT-Net (I),8x,0.914466586
AFT-Net (I),8x,0.902964241
AFT-Net (I),8x,0.91114907
AFT-Net (I),8x,0.908117756
AFT-Net (I),8x,0.90334304
AFT-Net (I),8x,0.930792016
AFT-Net (I),8x,0.930886314
AFT-Net (I),8x,0.930358129
AFT-Net (I),8x,0.93122766
AFT-Net (I),8x,0.876175534
AFT-Net (I),8x,0.874590963
AFT-Net (I),8x,0.877887852
AFT-Net (I),8x,0.874564599
AFT-Net (I),8x,0.937926215
AFT-Net (I),8x,0.939215567
AFT-Net (I),8x,0.939390327
AFT-Net (I),8x,0.93992112
AFT-Net (I),8x,0.947168984
AFT-Net (I),8x,0.946283783
AFT-Net (I),8x,0.9434161
AFT-Net (I),8x,0.934708345
AFT-Net (I),8x,0.887474905
AFT-Net (I),8x,0.882626753
AFT-Net (I),8x,0.880553126
AFT-Net (I),8x,0.881598327
AFT-Net (I),8x,0.938966282
AFT-Net (I),8x,0.936859964
AFT-Net (I),8x,0.939663744
AFT-Net (I),8x,0.941129885
AFT-Net (I),8x,0.868596707
AFT-Net (I),8x,0.869178147
AFT-Net (I),8x,0.848973758
AFT-Net (I),8x,0.835963599
AFT-Net (I),8x,0.925525243
AFT-Net (I),8x,0.928950529
AFT-Net (I),8x,0.925876664
AFT-Net (I),8x,0.925257419
AFT-Net (I),8x,0.925612878
AFT-Net (I),8x,0.92537804
AFT-Net (I),8x,0.924909211
AFT-Net (I),8x,0.923309932
AFT-Net (I),8x,0.93780513
AFT-Net (I),8x,0.93980649
AFT-Net (I),8x,0.935469477
AFT-Net (I),8x,0.932445961
AFT-Net (I),8x,0.934229858
AFT-Net (I),8x,0.938740549
AFT-Net (I),8x,0.940896134
AFT-Net (I),8x,0.936329096
AFT-Net (I),8x,0.942155674
AFT-Net (I),8x,0.943954896
AFT-Net (I),8x,0.942162371
AFT-Net (I),8x,0.938867775
AFT-Net (I),8x,0.916216592
AFT-Net (I),8x,0.916103996
AFT-Net (I),8x,0.916260442
AFT-Net (I),8x,0.914919882
AFT-Net (I),16x,0.912439632
AFT-Net (I),16x,0.910628551
AFT-Net (I),16x,0.909516798
AFT-Net (I),16x,0.90845545
AFT-Net (I),16x,0.85719371
AFT-Net (I),16x,0.871760044
AFT-Net (I),16x,0.866144845
AFT-Net (I),16x,0.864350837
AFT-Net (I),16x,0.876764062
AFT-Net (I),16x,0.879505131
AFT-Net (I),16x,0.878845357
AFT-Net (I),16x,0.876233106
AFT-Net (I),16x,0.925844655
AFT-Net (I),16x,0.926003864
AFT-Net (I),16x,0.925295276
AFT-Net (I),16x,0.924774333
AFT-Net (I),16x,0.92757983
AFT-Net (I),16x,0.931281108
AFT-Net (I),16x,0.930062527
AFT-Net (I),16x,0.932347464
AFT-Net (I),16x,0.884181417
AFT-Net (I),16x,0.933307995
AFT-Net (I),16x,0.932254919
AFT-Net (I),16x,0.935327705
AFT-Net (I),16x,0.910725386
AFT-Net (I),16x,0.930265802
AFT-Net (I),16x,0.930583304
AFT-Net (I),16x,0.876208411
AFT-Net (I),16x,0.923000253
AFT-Net (I),16x,0.924273089
AFT-Net (I),16x,0.924922998
AFT-Net (I),16x,0.923165522
AFT-Net (I),16x,0.919002713
AFT-Net (I),16x,0.92205372
AFT-Net (I),16x,0.923684254
AFT-Net (I),16x,0.92442008
AFT-Net (I),16x,0.866571158
AFT-Net (I),16x,0.892302214
AFT-Net (I),16x,0.892098208
AFT-Net (I),16x,0.892255087
AFT-Net (I),16x,0.877882393
AFT-Net (I),16x,0.888633859
AFT-Net (I),16x,0.884743579
AFT-Net (I),16x,0.878955461
AFT-Net (I),16x,0.908771387
AFT-Net (I),16x,0.909728175
AFT-Net (I),16x,0.909074254
AFT-Net (I),16x,0.910689947
AFT-Net (I),16x,0.851958109
AFT-Net (I),16x,0.849811234
AFT-Net (I),16x,0.852986518
AFT-Net (I),16x,0.85086702
AFT-Net (I),16x,0.922033126
AFT-Net (I),16x,0.924218145
AFT-Net (I),16x,0.923909022
AFT-Net (I),16x,0.924472379
AFT-Net (I),16x,0.928025351
AFT-Net (I),16x,0.926014511
AFT-Net (I),16x,0.922921962
AFT-Net (I),16x,0.912471885
AFT-Net (I),16x,0.857617713
AFT-Net (I),16x,0.851414409
AFT-Net (I),16x,0.850753197
AFT-Net (I),16x,0.850083287
AFT-Net (I),16x,0.922945025
AFT-Net (I),16x,0.921345437
AFT-Net (I),16x,0.923819138
AFT-Net (I),16x,0.925396236
AFT-Net (I),16x,0.846262781
AFT-Net (I),16x,0.846137728
AFT-Net (I),16x,0.813209251
AFT-Net (I),16x,0.804608241
AFT-Net (I),16x,0.908307834
AFT-Net (I),16x,0.910985743
AFT-Net (I),16x,0.906332867
AFT-Net (I),16x,0.907728007
AFT-Net (I),16x,0.907173759
AFT-Net (I),16x,0.904853106
AFT-Net (I),16x,0.905294339
AFT-Net (I),16x,0.899168633
AFT-Net (I),16x,0.923651919
AFT-Net (I),16x,0.925111275
AFT-Net (I),16x,0.917865973
AFT-Net (I),16x,0.916657014
AFT-Net (I),16x,0.912656514
AFT-Net (I),16x,0.919736155
AFT-Net (I),16x,0.925441782
AFT-Net (I),16x,0.918558023
AFT-Net (I),16x,0.930412471
AFT-Net (I),16x,0.932975659
AFT-Net (I),16x,0.929614947
AFT-Net (I),16x,0.927612226
AFT-Net (I),16x,0.899546755
AFT-Net (I),16x,0.899017626
AFT-Net (I),16x,0.900042831
AFT-Net (I),16x,0.898817862
AFT-Net (K),2x,0.974834333
AFT-Net (K),2x,0.974237042
AFT-Net (K),2x,0.974126202
AFT-Net (K),2x,0.973793731
AFT-Net (K),2x,0.970462266
AFT-Net (K),2x,0.971596266
AFT-Net (K),2x,0.971244274
AFT-Net (K),2x,0.970753947
AFT-Net (K),2x,0.970204583
AFT-Net (K),2x,0.971149377
AFT-Net (K),2x,0.97107111
AFT-Net (K),2x,0.970445816
AFT-Net (K),2x,0.979357934
AFT-Net (K),2x,0.979608253
AFT-Net (K),2x,0.97933152
AFT-Net (K),2x,0.979354108
AFT-Net (K),2x,0.983440049
AFT-Net (K),2x,0.983202312
AFT-Net (K),2x,0.983573134
AFT-Net (K),2x,0.98344626
AFT-Net (K),2x,0.971140936
AFT-Net (K),2x,0.984873125
AFT-Net (K),2x,0.984688837
AFT-Net (K),2x,0.98546049
AFT-Net (K),2x,0.976996527
AFT-Net (K),2x,0.983052877
AFT-Net (K),2x,0.98335354
AFT-Net (K),2x,0.96892511
AFT-Net (K),2x,0.972440287
AFT-Net (K),2x,0.972653989
AFT-Net (K),2x,0.972780745
AFT-Net (K),2x,0.971936244
AFT-Net (K),2x,0.972022845
AFT-Net (K),2x,0.972063094
AFT-Net (K),2x,0.972530451
AFT-Net (K),2x,0.973013886
AFT-Net (K),2x,0.957855049
AFT-Net (K),2x,0.960569783
AFT-Net (K),2x,0.961297635
AFT-Net (K),2x,0.960461698
AFT-Net (K),2x,0.959417898
AFT-Net (K),2x,0.963160043
AFT-Net (K),2x,0.961759164
AFT-Net (K),2x,0.959422595
AFT-Net (K),2x,0.96919506
AFT-Net (K),2x,0.969365621
AFT-Net (K),2x,0.969276034
AFT-Net (K),2x,0.969775287
AFT-Net (K),2x,0.943333548
AFT-Net (K),2x,0.942608206
AFT-Net (K),2x,0.943537303
AFT-Net (K),2x,0.941912797
AFT-Net (K),2x,0.97383326
AFT-Net (K),2x,0.974677438
AFT-Net (K),2x,0.97470012
AFT-Net (K),2x,0.975154145
AFT-Net (K),2x,0.983916965
AFT-Net (K),2x,0.983489321
AFT-Net (K),2x,0.982604425
AFT-Net (K),2x,0.979422124
AFT-Net (K),2x,0.952593264
AFT-Net (K),2x,0.950456139
AFT-Net (K),2x,0.94951707
AFT-Net (K),2x,0.950164705
AFT-Net (K),2x,0.97424456
AFT-Net (K),2x,0.972901385
AFT-Net (K),2x,0.973821413
AFT-Net (K),2x,0.975254882
AFT-Net (K),2x,0.918242181
AFT-Net (K),2x,0.918431203
AFT-Net (K),2x,0.906655537
AFT-Net (K),2x,0.905727712
AFT-Net (K),2x,0.962312882
AFT-Net (K),2x,0.964182406
AFT-Net (K),2x,0.962988061
AFT-Net (K),2x,0.96249976
AFT-Net (K),2x,0.962861754
AFT-Net (K),2x,0.962801412
AFT-Net (K),2x,0.962598217
AFT-Net (K),2x,0.962287634
AFT-Net (K),2x,0.972421377
AFT-Net (K),2x,0.973205304
AFT-Net (K),2x,0.972232556
AFT-Net (K),2x,0.970131775
AFT-Net (K),2x,0.970493088
AFT-Net (K),2x,0.971903828
AFT-Net (K),2x,0.972596614
AFT-Net (K),2x,0.970913224
AFT-Net (K),2x,0.972978366
AFT-Net (K),2x,0.973766402
AFT-Net (K),2x,0.974239596
AFT-Net (K),2x,0.9731248
AFT-Net (K),2x,0.961742979
AFT-Net (K),2x,0.961752785
AFT-Net (K),2x,0.96206349
AFT-Net (K),2x,0.961583508
AFT-Net (K),4x,0.940371756
AFT-Net (K),4x,0.938920978
AFT-Net (K),4x,0.938369838
AFT-Net (K),4x,0.937392494
AFT-Net (K),4x,0.914256927
AFT-Net (K),4x,0.916134545
AFT-Net (K),4x,0.914266403
AFT-Net (K),4x,0.91275615
AFT-Net (K),4x,0.92555597
AFT-Net (K),4x,0.927079399
AFT-Net (K),4x,0.927224821
AFT-Net (K),4x,0.92532416
AFT-Net (K),4x,0.949795139
AFT-Net (K),4x,0.950393986
AFT-Net (K),4x,0.949787459
AFT-Net (K),4x,0.949714775
AFT-Net (K),4x,0.95762085
AFT-Net (K),4x,0.957843328
AFT-Net (K),4x,0.958658058
AFT-Net (K),4x,0.957194288
AFT-Net (K),4x,0.931105135
AFT-Net (K),4x,0.961430572
AFT-Net (K),4x,0.960853374
AFT-Net (K),4x,0.962968114
AFT-Net (K),4x,0.944204633
AFT-Net (K),4x,0.957788918
AFT-Net (K),4x,0.958448347
AFT-Net (K),4x,0.923903802
AFT-Net (K),4x,0.938733366
AFT-Net (K),4x,0.939862085
AFT-Net (K),4x,0.94031964
AFT-Net (K),4x,0.938539857
AFT-Net (K),4x,0.941105024
AFT-Net (K),4x,0.94078702
AFT-Net (K),4x,0.941920631
AFT-Net (K),4x,0.942201209
AFT-Net (K),4x,0.91672291
AFT-Net (K),4x,0.917943906
AFT-Net (K),4x,0.918629692
AFT-Net (K),4x,0.916756974
AFT-Net (K),4x,0.908848291
AFT-Net (K),4x,0.915677849
AFT-Net (K),4x,0.913217369
AFT-Net (K),4x,0.909774713
AFT-Net (K),4x,0.933487406
AFT-Net (K),4x,0.934254102
AFT-Net (K),4x,0.93302477
AFT-Net (K),4x,0.934440323
AFT-Net (K),4x,0.88417835
AFT-Net (K),4x,0.882209517
AFT-Net (K),4x,0.886067133
AFT-Net (K),4x,0.882595331
AFT-Net (K),4x,0.942833499
AFT-Net (K),4x,0.944198149
AFT-Net (K),4x,0.944300299
AFT-Net (K),4x,0.945091921
AFT-Net (K),4x,0.95882442
AFT-Net (K),4x,0.957639662
AFT-Net (K),4x,0.955605083
AFT-Net (K),4x,0.949171571
AFT-Net (K),4x,0.902200142
AFT-Net (K),4x,0.898378609
AFT-Net (K),4x,0.896654524
AFT-Net (K),4x,0.897832585
AFT-Net (K),4x,0.943464553
AFT-Net (K),4x,0.940356092
AFT-Net (K),4x,0.942757599
AFT-Net (K),4x,0.944594563
AFT-Net (K),4x,0.872861673
AFT-Net (K),4x,0.87264517
AFT-Net (K),4x,0.857191972
AFT-Net (K),4x,0.856458369
AFT-Net (K),4x,0.930797
AFT-Net (K),4x,0.933732686
AFT-Net (K),4x,0.930991116
AFT-Net (K),4x,0.929062526
AFT-Net (K),4x,0.931976573
AFT-Net (K),4x,0.931785804
AFT-Net (K),4x,0.931615559
AFT-Net (K),4x,0.930710606
AFT-Net (K),4x,0.94211669
AFT-Net (K),4x,0.944035324
AFT-Net (K),4x,0.94194783
AFT-Net (K),4x,0.937506361
AFT-Net (K),4x,0.942346225
AFT-Net (K),4x,0.9444436
AFT-Net (K),4x,0.944588551
AFT-Net (K),4x,0.941141484
AFT-Net (K),4x,0.944880594
AFT-Net (K),4x,0.946495164
AFT-Net (K),4x,0.946670419
AFT-Net (K),4x,0.944021647
AFT-Net (K),4x,0.921501596
AFT-Net (K),4x,0.921240326
AFT-Net (K),4x,0.921998595
AFT-Net (K),4x,0.921204895
AFT-Net (K),8x,0.893648649
AFT-Net (K),8x,0.891742482
AFT-Net (K),8x,0.890186648
AFT-Net (K),8x,0.888926894
AFT-Net (K),8x,0.848194966
AFT-Net (K),8x,0.84488469
AFT-Net (K),8x,0.840646982
AFT-Net (K),8x,0.838255634
AFT-Net (K),8x,0.860022986
AFT-Net (K),8x,0.86257597
AFT-Net (K),8x,0.863069844
AFT-Net (K),8x,0.859835102
AFT-Net (K),8x,0.905683672
AFT-Net (K),8x,0.906185409
AFT-Net (K),8x,0.905544318
AFT-Net (K),8x,0.905508326
AFT-Net (K),8x,0.923837934
AFT-Net (K),8x,0.923031646
AFT-Net (K),8x,0.924178526
AFT-Net (K),8x,0.922150625
AFT-Net (K),8x,0.875247379
AFT-Net (K),8x,0.925641224
AFT-Net (K),8x,0.924201435
AFT-Net (K),8x,0.928392612
AFT-Net (K),8x,0.897042104
AFT-Net (K),8x,0.919852044
AFT-Net (K),8x,0.920681048
AFT-Net (K),8x,0.867433665
AFT-Net (K),8x,0.881947405
AFT-Net (K),8x,0.883379364
AFT-Net (K),8x,0.883761344
AFT-Net (K),8x,0.881830155
AFT-Net (K),8x,0.898437234
AFT-Net (K),8x,0.899562131
AFT-Net (K),8x,0.901855301
AFT-Net (K),8x,0.90167436
AFT-Net (K),8x,0.862987982
AFT-Net (K),8x,0.862055585
AFT-Net (K),8x,0.861542774
AFT-Net (K),8x,0.859595104
AFT-Net (K),8x,0.842678984
AFT-Net (K),8x,0.853530854
AFT-Net (K),8x,0.849907309
AFT-Net (K),8x,0.841798537
AFT-Net (K),8x,0.882754967
AFT-Net (K),8x,0.883414753
AFT-Net (K),8x,0.88305363
AFT-Net (K),8x,0.884632849
AFT-Net (K),8x,0.812417849
AFT-Net (K),8x,0.808151391
AFT-Net (K),8x,0.812726943
AFT-Net (K),8x,0.808329502
AFT-Net (K),8x,0.900445244
AFT-Net (K),8x,0.902212188
AFT-Net (K),8x,0.901729304
AFT-Net (K),8x,0.902613734
AFT-Net (K),8x,0.920193497
AFT-Net (K),8x,0.917713324
AFT-Net (K),8x,0.914028688
AFT-Net (K),8x,0.904973292
AFT-Net (K),8x,0.844090403
AFT-Net (K),8x,0.837559569
AFT-Net (K),8x,0.835703794
AFT-Net (K),8x,0.836675042
AFT-Net (K),8x,0.903256108
AFT-Net (K),8x,0.898292524
AFT-Net (K),8x,0.901956873
AFT-Net (K),8x,0.904145583
AFT-Net (K),8x,0.824780725
AFT-Net (K),8x,0.823771221
AFT-Net (K),8x,0.803714321
AFT-Net (K),8x,0.806700134
AFT-Net (K),8x,0.885948901
AFT-Net (K),8x,0.890642314
AFT-Net (K),8x,0.885614745
AFT-Net (K),8x,0.883690944
AFT-Net (K),8x,0.885721991
AFT-Net (K),8x,0.885288127
AFT-Net (K),8x,0.885267081
AFT-Net (K),8x,0.882337356
AFT-Net (K),8x,0.902288841
AFT-Net (K),8x,0.904992586
AFT-Net (K),8x,0.903163467
AFT-Net (K),8x,0.895163894
AFT-Net (K),8x,0.903471891
AFT-Net (K),8x,0.90490165
AFT-Net (K),8x,0.905493304
AFT-Net (K),8x,0.900452743
AFT-Net (K),8x,0.908408415
AFT-Net (K),8x,0.911102728
AFT-Net (K),8x,0.910245454
AFT-Net (K),8x,0.906275865
AFT-Net (K),8x,0.868213707
AFT-Net (K),8x,0.867553829
AFT-Net (K),8x,0.868577275
AFT-Net (K),8x,0.867604927
AFT-Net (K),16x,0.853769152
AFT-Net (K),16x,0.850102646
AFT-Net (K),16x,0.848429914
AFT-Net (K),16x,0.847400889
AFT-Net (K),16x,0.793424117
AFT-Net (K),16x,0.793763019
AFT-Net (K),16x,0.78724581
AFT-Net (K),16x,0.78509315
AFT-Net (K),16x,0.810732341
AFT-Net (K),16x,0.814645732
AFT-Net (K),16x,0.81453246
AFT-Net (K),16x,0.811071233
AFT-Net (K),16x,0.870907277
AFT-Net (K),16x,0.872175666
AFT-Net (K),16x,0.871107572
AFT-Net (K),16x,0.870374906
AFT-Net (K),16x,0.891394227
AFT-Net (K),16x,0.890841145
AFT-Net (K),16x,0.89210605
AFT-Net (K),16x,0.889368321
AFT-Net (K),16x,0.825430127
AFT-Net (K),16x,0.889433114
AFT-Net (K),16x,0.887859178
AFT-Net (K),16x,0.893797386
AFT-Net (K),16x,0.855538491
AFT-Net (K),16x,0.886311701
AFT-Net (K),16x,0.88703932
AFT-Net (K),16x,0.81616808
AFT-Net (K),16x,0.843942288
AFT-Net (K),16x,0.845408216
AFT-Net (K),16x,0.847854146
AFT-Net (K),16x,0.844196537
AFT-Net (K),16x,0.86596537
AFT-Net (K),16x,0.866777212
AFT-Net (K),16x,0.870475168
AFT-Net (K),16x,0.872000575
AFT-Net (K),16x,0.81587954
AFT-Net (K),16x,0.816286107
AFT-Net (K),16x,0.815523261
AFT-Net (K),16x,0.812136554
AFT-Net (K),16x,0.79039402
AFT-Net (K),16x,0.804980349
AFT-Net (K),16x,0.801400858
AFT-Net (K),16x,0.791321428
AFT-Net (K),16x,0.842085247
AFT-Net (K),16x,0.840001453
AFT-Net (K),16x,0.83789104
AFT-Net (K),16x,0.839818397
AFT-Net (K),16x,0.75585824
AFT-Net (K),16x,0.751940081
AFT-Net (K),16x,0.753819625
AFT-Net (K),16x,0.750445662
AFT-Net (K),16x,0.865962519
AFT-Net (K),16x,0.868385079
AFT-Net (K),16x,0.867597187
AFT-Net (K),16x,0.869298861
AFT-Net (K),16x,0.890509912
AFT-Net (K),16x,0.887306004
AFT-Net (K),16x,0.882698389
AFT-Net (K),16x,0.870818101
AFT-Net (K),16x,0.801613954
AFT-Net (K),16x,0.793314107
AFT-Net (K),16x,0.79170762
AFT-Net (K),16x,0.792418734
AFT-Net (K),16x,0.8715608
AFT-Net (K),16x,0.865238282
AFT-Net (K),16x,0.868941054
AFT-Net (K),16x,0.871188679
AFT-Net (K),16x,0.791046794
AFT-Net (K),16x,0.789490849
AFT-Net (K),16x,0.767620971
AFT-Net (K),16x,0.767937158
AFT-Net (K),16x,0.85539135
AFT-Net (K),16x,0.861652282
AFT-Net (K),16x,0.85376649
AFT-Net (K),16x,0.851658917
AFT-Net (K),16x,0.85071514
AFT-Net (K),16x,0.851532138
AFT-Net (K),16x,0.850484948
AFT-Net (K),16x,0.847730261
AFT-Net (K),16x,0.871801881
AFT-Net (K),16x,0.874969027
AFT-Net (K),16x,0.871736644
AFT-Net (K),16x,0.86153947
AFT-Net (K),16x,0.867438734
AFT-Net (K),16x,0.87005499
AFT-Net (K),16x,0.87258349
AFT-Net (K),16x,0.865728639
AFT-Net (K),16x,0.880063999
AFT-Net (K),16x,0.883367528
AFT-Net (K),16x,0.883610967
AFT-Net (K),16x,0.878860574
AFT-Net (K),16x,0.833689442
AFT-Net (K),16x,0.832545956
AFT-Net (K),16x,0.833640842
AFT-Net (K),16x,0.832052831
AFT-Net (KI),2x,0.975813244
AFT-Net (KI),2x,0.975196301
AFT-Net (KI),2x,0.975247311
AFT-Net (KI),2x,0.974857508
AFT-Net (KI),2x,0.971177119
AFT-Net (KI),2x,0.973516702
AFT-Net (KI),2x,0.973443419
AFT-Net (KI),2x,0.97294144
AFT-Net (KI),2x,0.971636579
AFT-Net (KI),2x,0.972496012
AFT-Net (KI),2x,0.972551755
AFT-Net (KI),2x,0.971871329
AFT-Net (KI),2x,0.981008014
AFT-Net (KI),2x,0.981333897
AFT-Net (KI),2x,0.9811005
AFT-Net (KI),2x,0.981106796
AFT-Net (KI),2x,0.982658322
AFT-Net (KI),2x,0.982707399
AFT-Net (KI),2x,0.982657687
AFT-Net (KI),2x,0.98320364
AFT-Net (KI),2x,0.970688918
AFT-Net (KI),2x,0.984826688
AFT-Net (KI),2x,0.984722554
AFT-Net (KI),2x,0.985271283
AFT-Net (KI),2x,0.977961087
AFT-Net (KI),2x,0.983755605
AFT-Net (KI),2x,0.984087169
AFT-Net (KI),2x,0.969030088
AFT-Net (KI),2x,0.973644887
AFT-Net (KI),2x,0.973922415
AFT-Net (KI),2x,0.974032978
AFT-Net (KI),2x,0.973245536
AFT-Net (KI),2x,0.972721218
AFT-Net (KI),2x,0.972912425
AFT-Net (KI),2x,0.97324949
AFT-Net (KI),2x,0.973752646
AFT-Net (KI),2x,0.958485633
AFT-Net (KI),2x,0.961203727
AFT-Net (KI),2x,0.962412668
AFT-Net (KI),2x,0.961447978
AFT-Net (KI),2x,0.960372733
AFT-Net (KI),2x,0.964152628
AFT-Net (KI),2x,0.96275187
AFT-Net (KI),2x,0.960690934
AFT-Net (KI),2x,0.970037934
AFT-Net (KI),2x,0.970145292
AFT-Net (KI),2x,0.970014325
AFT-Net (KI),2x,0.970379335
AFT-Net (KI),2x,0.943845411
AFT-Net (KI),2x,0.943205927
AFT-Net (KI),2x,0.944475712
AFT-Net (KI),2x,0.942778489
AFT-Net (KI),2x,0.974794437
AFT-Net (KI),2x,0.975579656
AFT-Net (KI),2x,0.975678377
AFT-Net (KI),2x,0.976212868
AFT-Net (KI),2x,0.984175978
AFT-Net (KI),2x,0.983813664
AFT-Net (KI),2x,0.982969266
AFT-Net (KI),2x,0.979133365
AFT-Net (KI),2x,0.953837542
AFT-Net (KI),2x,0.951950831
AFT-Net (KI),2x,0.950937448
AFT-Net (KI),2x,0.951487209
AFT-Net (KI),2x,0.974948577
AFT-Net (KI),2x,0.973922232
AFT-Net (KI),2x,0.974773561
AFT-Net (KI),2x,0.976125395
AFT-Net (KI),2x,0.920401048
AFT-Net (KI),2x,0.920776937
AFT-Net (KI),2x,0.911259353
AFT-Net (KI),2x,0.907211137
AFT-Net (KI),2x,0.963046678
AFT-Net (KI),2x,0.964835701
AFT-Net (KI),2x,0.963666812
AFT-Net (KI),2x,0.963262389
AFT-Net (KI),2x,0.963484414
AFT-Net (KI),2x,0.963390304
AFT-Net (KI),2x,0.963347509
AFT-Net (KI),2x,0.962945264
AFT-Net (KI),2x,0.972956269
AFT-Net (KI),2x,0.973772395
AFT-Net (KI),2x,0.972339151
AFT-Net (KI),2x,0.97070291
AFT-Net (KI),2x,0.970641673
AFT-Net (KI),2x,0.972205845
AFT-Net (KI),2x,0.973031975
AFT-Net (KI),2x,0.971289187
AFT-Net (KI),2x,0.973602674
AFT-Net (KI),2x,0.974548802
AFT-Net (KI),2x,0.974804235
AFT-Net (KI),2x,0.973641655
AFT-Net (KI),2x,0.962595141
AFT-Net (KI),2x,0.962620265
AFT-Net (KI),2x,0.96285364
AFT-Net (KI),2x,0.962419766
AFT-Net (KI),4x,0.955580332
AFT-Net (KI),4x,0.95434282
AFT-Net (KI),4x,0.95419404
AFT-Net (KI),4x,0.95361438
AFT-Net (KI),4x,0.937332813
AFT-Net (KI),4x,0.942244674
AFT-Net (KI),4x,0.941490307
AFT-Net (KI),4x,0.940632083
AFT-Net (KI),4x,0.946836596
AFT-Net (KI),4x,0.947956751
AFT-Net (KI),4x,0.948150461
AFT-Net (KI),4x,0.946474666
AFT-Net (KI),4x,0.963299433
AFT-Net (KI),4x,0.96391292
AFT-Net (KI),4x,0.96336485
AFT-Net (KI),4x,0.963270574
AFT-Net (KI),4x,0.967600306
AFT-Net (KI),4x,0.968005109
AFT-Net (KI),4x,0.967783399
AFT-Net (KI),4x,0.968333188
AFT-Net (KI),4x,0.945194906
AFT-Net (KI),4x,0.97038906
AFT-Net (KI),4x,0.970014147
AFT-Net (KI),4x,0.971259947
AFT-Net (KI),4x,0.958921552
AFT-Net (KI),4x,0.969119937
AFT-Net (KI),4x,0.969735514
AFT-Net (KI),4x,0.93983338
AFT-Net (KI),4x,0.955833399
AFT-Net (KI),4x,0.956626026
AFT-Net (KI),4x,0.956960419
AFT-Net (KI),4x,0.955825775
AFT-Net (KI),4x,0.954487258
AFT-Net (KI),4x,0.954463457
AFT-Net (KI),4x,0.955172786
AFT-Net (KI),4x,0.955558442
AFT-Net (KI),4x,0.932759261
AFT-Net (KI),4x,0.937113359
AFT-Net (KI),4x,0.93856887
AFT-Net (KI),4x,0.936940055
AFT-Net (KI),4x,0.930996171
AFT-Net (KI),4x,0.93686552
AFT-Net (KI),4x,0.934360564
AFT-Net (KI),4x,0.9312586
AFT-Net (KI),4x,0.950605447
AFT-Net (KI),4x,0.950634751
AFT-Net (KI),4x,0.950471824
AFT-Net (KI),4x,0.951068587
AFT-Net (KI),4x,0.907364547
AFT-Net (KI),4x,0.90616362
AFT-Net (KI),4x,0.908863012
AFT-Net (KI),4x,0.905854705
AFT-Net (KI),4x,0.957324209
AFT-Net (KI),4x,0.95846973
AFT-Net (KI),4x,0.958569852
AFT-Net (KI),4x,0.959304707
AFT-Net (KI),4x,0.969995157
AFT-Net (KI),4x,0.969390305
AFT-Net (KI),4x,0.967716231
AFT-Net (KI),4x,0.960898186
AFT-Net (KI),4x,0.920543598
AFT-Net (KI),4x,0.917330404
AFT-Net (KI),4x,0.915720564
AFT-Net (KI),4x,0.916508935
AFT-Net (KI),4x,0.957383901
AFT-Net (KI),4x,0.955769389
AFT-Net (KI),4x,0.957264323
AFT-Net (KI),4x,0.958789633
AFT-Net (KI),4x,0.888705154
AFT-Net (KI),4x,0.888982947
AFT-Net (KI),4x,0.875258439
AFT-Net (KI),4x,0.869111909
AFT-Net (KI),4x,0.943429361
AFT-Net (KI),4x,0.946169384
AFT-Net (KI),4x,0.944294508
AFT-Net (KI),4x,0.943010052
AFT-Net (KI),4x,0.944637917
AFT-Net (KI),4x,0.944358439
AFT-Net (KI),4x,0.94417457
AFT-Net (KI),4x,0.943212968
AFT-Net (KI),4x,0.954512075
AFT-Net (KI),4x,0.955924266
AFT-Net (KI),4x,0.952608591
AFT-Net (KI),4x,0.950453509
AFT-Net (KI),4x,0.952195423
AFT-Net (KI),4x,0.95478887
AFT-Net (KI),4x,0.955903057
AFT-Net (KI),4x,0.952800173
AFT-Net (KI),4x,0.956466331
AFT-Net (KI),4x,0.957924988
AFT-Net (KI),4x,0.957639205
AFT-Net (KI),4x,0.955445752
AFT-Net (KI),4x,0.937811921
AFT-Net (KI),4x,0.937763487
AFT-Net (KI),4x,0.938284886
AFT-Net (KI),4x,0.937467088
AFT-Net (KI),8x,0.934868315
AFT-Net (KI),8x,0.933789761
AFT-Net (KI),8x,0.932638778
AFT-Net (KI),8x,0.932412359
AFT-Net (KI),8x,0.89702374
AFT-Net (KI),8x,0.907422801
AFT-Net (KI),8x,0.904884965
AFT-Net (KI),8x,0.903965554
AFT-Net (KI),8x,0.912946799
AFT-Net (KI),8x,0.914642399
AFT-Net (KI),8x,0.91457193
AFT-Net (KI),8x,0.912230097
AFT-Net (KI),8x,0.944656824
AFT-Net (KI),8x,0.945196463
AFT-Net (KI),8x,0.944383378
AFT-Net (KI),8x,0.943954393
AFT-Net (KI),8x,0.949905756
AFT-Net (KI),8x,0.95001931
AFT-Net (KI),8x,0.950067071
AFT-Net (KI),8x,0.950975964
AFT-Net (KI),8x,0.918466323
AFT-Net (KI),8x,0.954917528
AFT-Net (KI),8x,0.954240435
AFT-Net (KI),8x,0.95601793
AFT-Net (KI),8x,0.939329089
AFT-Net (KI),8x,0.953747551
AFT-Net (KI),8x,0.954095735
AFT-Net (KI),8x,0.911477181
AFT-Net (KI),8x,0.940083353
AFT-Net (KI),8x,0.941111778
AFT-Net (KI),8x,0.941207924
AFT-Net (KI),8x,0.939923575
AFT-Net (KI),8x,0.93786598
AFT-Net (KI),8x,0.938277451
AFT-Net (KI),8x,0.939826942
AFT-Net (KI),8x,0.939721528
AFT-Net (KI),8x,0.906294684
AFT-Net (KI),8x,0.914447514
AFT-Net (KI),8x,0.91574645
AFT-Net (KI),8x,0.914879701
AFT-Net (KI),8x,0.90335524
AFT-Net (KI),8x,0.911627248
AFT-Net (KI),8x,0.908638383
AFT-Net (KI),8x,0.903951887
AFT-Net (KI),8x,0.93181709
AFT-Net (KI),8x,0.931072677
AFT-Net (KI),8x,0.931213353
AFT-Net (KI),8x,0.932512986
AFT-Net (KI),8x,0.874802605
AFT-Net (KI),8x,0.874134859
AFT-Net (KI),8x,0.876966911
AFT-Net (KI),8x,0.873567474
AFT-Net (KI),8x,0.939118875
AFT-Net (KI),8x,0.940447649
AFT-Net (KI),8x,0.94043114
AFT-Net (KI),8x,0.941398725
AFT-Net (KI),8x,0.947073052
AFT-Net (KI),8x,0.946292586
AFT-Net (KI),8x,0.94338849
AFT-Net (KI),8x,0.93437973
AFT-Net (KI),8x,0.88786045
AFT-Net (KI),8x,0.882460739
AFT-Net (KI),8x,0.880726681
AFT-Net (KI),8x,0.881999701
AFT-Net (KI),8x,0.93910524
AFT-Net (KI),8x,0.937471491
AFT-Net (KI),8x,0.940190376
AFT-Net (KI),8x,0.941506742
AFT-Net (KI),8x,0.865311227
AFT-Net (KI),8x,0.866033529
AFT-Net (KI),8x,0.846477281
AFT-Net (KI),8x,0.833769515
AFT-Net (KI),8x,0.925341771
AFT-Net (KI),8x,0.92896825
AFT-Net (KI),8x,0.926117611
AFT-Net (KI),8x,0.925348558
AFT-Net (KI),8x,0.925771108
AFT-Net (KI),8x,0.925159806
AFT-Net (KI),8x,0.924512736
AFT-Net (KI),8x,0.922640609
AFT-Net (KI),8x,0.93772971
AFT-Net (KI),8x,0.939763096
AFT-Net (KI),8x,0.935459063
AFT-Net (KI),8x,0.932148301
AFT-Net (KI),8x,0.935054375
AFT-Net (KI),8x,0.938942784
AFT-Net (KI),8x,0.941450629
AFT-Net (KI),8x,0.936812459
AFT-Net (KI),8x,0.942485154
AFT-Net (KI),8x,0.944149848
AFT-Net (KI),8x,0.942301522
AFT-Net (KI),8x,0.939534719
AFT-Net (KI),8x,0.916405245
AFT-Net (KI),8x,0.916507427
AFT-Net (KI),8x,0.916611562
AFT-Net (KI),8x,0.915195446
AFT-Net (KI),16x,0.91143703
AFT-Net (KI),16x,0.909667585
AFT-Net (KI),16x,0.908516616
AFT-Net (KI),16x,0.906957393
AFT-Net (KI),16x,0.851787655
AFT-Net (KI),16x,0.867659635
AFT-Net (KI),16x,0.861570479
AFT-Net (KI),16x,0.860399397
AFT-Net (KI),16x,0.876361236
AFT-Net (KI),16x,0.879615835
AFT-Net (KI),16x,0.879123832
AFT-Net (KI),16x,0.876588057
AFT-Net (KI),16x,0.924806412
AFT-Net (KI),16x,0.925375254
AFT-Net (KI),16x,0.924645932
AFT-Net (KI),16x,0.923722491
AFT-Net (KI),16x,0.92933511
AFT-Net (KI),16x,0.932191374
AFT-Net (KI),16x,0.930767707
AFT-Net (KI),16x,0.932678927
AFT-Net (KI),16x,0.885828435
AFT-Net (KI),16x,0.936886287
AFT-Net (KI),16x,0.93529525
AFT-Net (KI),16x,0.938038025
AFT-Net (KI),16x,0.907954634
AFT-Net (KI),16x,0.928953454
AFT-Net (KI),16x,0.929010392
AFT-Net (KI),16x,0.870077126
AFT-Net (KI),16x,0.922392031
AFT-Net (KI),16x,0.923906363
AFT-Net (KI),16x,0.924867746
AFT-Net (KI),16x,0.922428616
AFT-Net (KI),16x,0.918989538
AFT-Net (KI),16x,0.920945144
AFT-Net (KI),16x,0.922523493
AFT-Net (KI),16x,0.922657173
AFT-Net (KI),16x,0.86955288
AFT-Net (KI),16x,0.890977052
AFT-Net (KI),16x,0.890958506
AFT-Net (KI),16x,0.89039277
AFT-Net (KI),16x,0.876458433
AFT-Net (KI),16x,0.887152382
AFT-Net (KI),16x,0.883252177
AFT-Net (KI),16x,0.87634207
AFT-Net (KI),16x,0.910713317
AFT-Net (KI),16x,0.910318776
AFT-Net (KI),16x,0.909650977
AFT-Net (KI),16x,0.910402522
AFT-Net (KI),16x,0.846365174
AFT-Net (KI),16x,0.84557083
AFT-Net (KI),16x,0.848088842
AFT-Net (KI),16x,0.845604124
AFT-Net (KI),16x,0.920971377
AFT-Net (KI),16x,0.922684259
AFT-Net (KI),16x,0.922059519
AFT-Net (KI),16x,0.922549379
AFT-Net (KI),16x,0.928142223
AFT-Net (KI),16x,0.926339123
AFT-Net (KI),16x,0.92271419
AFT-Net (KI),16x,0.912265884
AFT-Net (KI),16x,0.855987093
AFT-Net (KI),16x,0.849892698
AFT-Net (KI),16x,0.849653767
AFT-Net (KI),16x,0.848180853
AFT-Net (KI),16x,0.9226197
AFT-Net (KI),16x,0.920612822
AFT-Net (KI),16x,0.923225743
AFT-Net (KI),16x,0.924800159
AFT-Net (KI),16x,0.842063066
AFT-Net (KI),16x,0.841883139
AFT-Net (KI),16x,0.813214735
AFT-Net (KI),16x,0.800718538
AFT-Net (KI),16x,0.907721884
AFT-Net (KI),16x,0.911651309
AFT-Net (KI),16x,0.90717323
AFT-Net (KI),16x,0.907419761
AFT-Net (KI),16x,0.903500722
AFT-Net (KI),16x,0.903339979
AFT-Net (KI),16x,0.903790828
AFT-Net (KI),16x,0.898938445
AFT-Net (KI),16x,0.923903208
AFT-Net (KI),16x,0.925698379
AFT-Net (KI),16x,0.918311396
AFT-Net (KI),16x,0.916975003
AFT-Net (KI),16x,0.912726312
AFT-Net (KI),16x,0.918892234
AFT-Net (KI),16x,0.92428643
AFT-Net (KI),16x,0.917343804
AFT-Net (KI),16x,0.928982489
AFT-Net (KI),16x,0.931183542
AFT-Net (KI),16x,0.92826052
AFT-Net (KI),16x,0.926392717
AFT-Net (KI),16x,0.897610693
AFT-Net (KI),16x,0.897348625
AFT-Net (KI),16x,0.898450201
AFT-Net (KI),16x,0.897420296
